[
  {
    "value": "traffico locale/remoto",
    "synonyms": [
      "entrata",
      "uscita",
      "traffico dati",
      "traffico locale",
      "traffico remoto",
      "remoto",
      "locale"
    ]
  },
  {
    "value": "efficienza trasmissioni",
    "synonyms": [
      "efficienza",
      "resa",
      "efficiente",
      "perdita pacchetti",
      "pacchetti persi",
      "efficienza trasmissioni"
    ]
  },
  {
    "value": "categorie traffico",
    "synonyms": [
      "categorie del traffico",
      "categorie",
      "genere",
      "tipologia"
    ]
  }
]