[
  {
    "id": "f95cc596-7f32-4c36-baa4-d3ff9ee0ee90",
    "data": [
      {
        "text": "allarmi pendenti",
        "userDefined": false
      }
    ],
    "isTemplate": false,
    "count": 0,
    "updated": 1531931068
  },
  {
    "id": "5159b442-fe08-40d3-b08e-c86330ccae19",
    "data": [
      {
        "text": "allarmi scattati",
        "userDefined": false
      }
    ],
    "isTemplate": false,
    "count": 0,
    "updated": 1531931068
  },
  {
    "id": "65a4f675-f179-41bc-b1b6-58def46b15e6",
    "data": [
      {
        "text": "avvisi",
        "userDefined": false
      }
    ],
    "isTemplate": false,
    "count": 0,
    "updated": 1531931068
  },
  {
    "id": "95a86bdd-53c5-4ac3-9ddd-c2d2229e6370",
    "data": [
      {
        "text": "allarmi",
        "userDefined": false
      }
    ],
    "isTemplate": false,
    "count": 0,
    "updated": 1531931068
  }
]