[
  {
    "id": "9862dff8-d155-4682-8599-bcc0d4a25ea7",
    "data": [
      {
        "text": "non credo",
        "userDefined": false
      }
    ],
    "isTemplate": false,
    "count": 0,
    "updated": 1497443930
  },
  {
    "id": "2aeb71ec-eb79-4cd1-8c90-2e6ab4eda385",
    "data": [
      {
        "text": "no grazie",
        "userDefined": false
      }
    ],
    "isTemplate": false,
    "count": 0,
    "updated": 1497443930
  },
  {
    "id": "a83cf5eb-8a02-4418-aeac-a25c74931951",
    "data": [
      {
        "text": "non farlo",
        "userDefined": false
      }
    ],
    "isTemplate": false,
    "count": 0,
    "updated": 1497443930
  },
  {
    "id": "1bf3bc4d-499d-45cd-a432-49d4b1cd532d",
    "data": [
      {
        "text": "non proprio",
        "userDefined": false
      }
    ],
    "isTemplate": false,
    "count": 0,
    "updated": 1497443930
  },
  {
    "id": "da587878-8310-4aae-9700-6e32901d4de1",
    "data": [
      {
        "text": "assolutamente no",
        "userDefined": false
      }
    ],
    "isTemplate": false,
    "count": 0,
    "updated": 1497443930
  },
  {
    "id": "dc358197-523e-4e5c-977b-f04ae14365fe",
    "data": [
      {
        "text": "no",
        "userDefined": false
      }
    ],
    "isTemplate": false,
    "count": 1,
    "updated": 1497443930
  },
  {
    "id": "d34277ee-9eaf-469f-9cc6-815fd6374621",
    "data": [
      {
        "text": "non voglio",
        "userDefined": false
      }
    ],
    "isTemplate": false,
    "count": 0,
    "updated": 1497443930
  },
  {
    "id": "c5721cc1-2b9c-48d6-9352-82817f65ded8",
    "data": [
      {
        "text": "non sono d\u0027accordo",
        "userDefined": false
      }
    ],
    "isTemplate": false,
    "count": 0,
    "updated": 1497443930
  },
  {
    "id": "5a67fea9-87a4-4475-babe-3ed636f72fda",
    "data": [
      {
        "text": "non mi interessa",
        "userDefined": false
      }
    ],
    "isTemplate": false,
    "count": 0,
    "updated": 1497443930
  }
]