[
  {
    "id": "c619a789-5dd9-4c3c-85b0-668fa66fbb5f",
    "data": [
      {
        "text": "si grazie",
        "userDefined": false
      }
    ],
    "isTemplate": false,
    "count": 1,
    "updated": 1531931245
  },
  {
    "id": "4710f971-1f54-4452-ab7d-795de5e114ce",
    "data": [
      {
        "text": "assolutamente",
        "userDefined": false
      }
    ],
    "isTemplate": false,
    "count": 0,
    "updated": 1531931245
  },
  {
    "id": "a4773550-50f0-469a-8cda-9a9c9993d924",
    "data": [
      {
        "text": "certamente",
        "userDefined": false
      }
    ],
    "isTemplate": false,
    "count": 0,
    "updated": 1531931245
  },
  {
    "id": "b57c76ba-2cde-48d3-bca2-44a0792ed4ad",
    "data": [
      {
        "text": "sì",
        "userDefined": false
      }
    ],
    "isTemplate": false,
    "count": 0,
    "updated": 1531931245
  },
  {
    "id": "e95d4c61-29ca-4cb7-ada8-513d6c455f31",
    "data": [
      {
        "text": "va bene",
        "userDefined": false
      }
    ],
    "isTemplate": false,
    "count": 0,
    "updated": 1531931245
  },
  {
    "id": "838c66d5-8c20-4851-a5a3-7ca7150b9b79",
    "data": [
      {
        "text": "certo",
        "userDefined": false
      }
    ],
    "isTemplate": false,
    "count": 0,
    "updated": 1531931245
  },
  {
    "id": "e20aab4a-04b0-4f3c-b123-5c2be18b94c3",
    "data": [
      {
        "text": "ok",
        "userDefined": false
      }
    ],
    "isTemplate": false,
    "count": 0,
    "updated": 1531931245
  },
  {
    "id": "d3509865-73a7-414e-b045-246001430fd7",
    "data": [
      {
        "text": "si",
        "userDefined": false
      }
    ],
    "isTemplate": false,
    "count": 0,
    "updated": 1531931245
  }
]