[
  {
    "id": "070ba452-2aed-4a01-bec6-378ea1211d1f",
    "data": [
      {
        "text": "allarmi attivi",
        "userDefined": false
      }
    ],
    "isTemplate": false,
    "count": 0,
    "updated": 1532019315
  },
  {
    "id": "9eed5dda-608d-4888-a920-cb449c33afb7",
    "data": [
      {
        "text": "allarmi scattati",
        "userDefined": false
      }
    ],
    "isTemplate": false,
    "count": 0,
    "updated": 1531931783
  },
  {
    "id": "8444139b-1157-4753-b4a4-e4504a05dd39",
    "data": [
      {
        "text": "allarmi",
        "userDefined": false
      }
    ],
    "isTemplate": false,
    "count": 0,
    "updated": 1531931783
  },
  {
    "id": "d2cd2818-ac29-4cf3-aca9-e4a2b75e5a19",
    "data": [
      {
        "text": "avvisi",
        "userDefined": false
      }
    ],
    "isTemplate": false,
    "count": 0,
    "updated": 1531931783
  },
  {
    "id": "35cbe539-0906-40f7-ac5c-153c87f01caa",
    "data": [
      {
        "text": "alert",
        "userDefined": false
      }
    ],
    "isTemplate": false,
    "count": 0,
    "updated": 1531931783
  }
]