[
  {
    "id": "49d7843e-c9f9-40ad-a360-374ff23ac862",
    "data": [
      {
        "text": "a",
        "userDefined": false
      }
    ],
    "isTemplate": false,
    "count": 0,
    "updated": 1532360437
  },
  {
    "id": "c3c79947-86c7-40a6-b45a-babd4af71ef3",
    "data": [
      {
        "text": "e le comunicazioni",
        "userDefined": false
      }
    ],
    "isTemplate": false,
    "count": 0,
    "updated": 1528216761
  },
  {
    "id": "fe7a7eac-ce7d-41e9-b8fd-b153770109e2",
    "data": [
      {
        "text": "stato delle comunicazioni",
        "userDefined": false
      }
    ],
    "isTemplate": false,
    "count": 0,
    "updated": 1528216761
  },
  {
    "id": "f3dd6355-eb09-46fe-85bc-c9588e9806fa",
    "data": [
      {
        "text": "le comunicazioni come vanno",
        "userDefined": false
      }
    ],
    "isTemplate": false,
    "count": 0,
    "updated": 1528216761
  },
  {
    "id": "2dd73235-7bf1-4091-a437-8e5320122843",
    "data": [
      {
        "text": "come vanno le comunicazioni",
        "userDefined": false
      }
    ],
    "isTemplate": false,
    "count": 0,
    "updated": 1528216761
  }
]