[
  {
    "id": "0368aab9-7277-485c-a98e-92f07789f99d",
    "data": [
      {
        "text": "traffico pericoloso",
        "userDefined": false
      }
    ],
    "isTemplate": false,
    "count": 0,
    "updated": 1532019255
  },
  {
    "id": "0112cf8e-1d1e-4c9c-b605-666daba3d1ef",
    "data": [
      {
        "text": "parlami del traffico pericoloso",
        "userDefined": false
      }
    ],
    "isTemplate": false,
    "count": 0,
    "updated": 1531932482
  },
  {
    "id": "287d9443-152f-49ec-8f83-0825574a7120",
    "data": [
      {
        "text": "quale traffico pericoloso",
        "userDefined": false
      }
    ],
    "isTemplate": false,
    "count": 0,
    "updated": 1531929471
  },
  {
    "id": "3f8837ce-0551-41ff-96a9-c8b9a02dbf10",
    "data": [
      {
        "text": "dimmi del traffico pericoloso",
        "userDefined": false
      }
    ],
    "isTemplate": false,
    "count": 0,
    "updated": 1531932482
  },
  {
    "id": "dea901fd-6edc-45d0-99f6-5e9b6c1f4677",
    "data": [
      {
        "text": "comunicazioni pericolose",
        "userDefined": false
      }
    ],
    "isTemplate": false,
    "count": 0,
    "updated": 1531929471
  },
  {
    "id": "11db3ab0-a2a6-4317-bbdb-a8db51138b0b",
    "data": [
      {
        "text": "quali pericoli",
        "userDefined": false
      }
    ],
    "isTemplate": false,
    "count": 0,
    "updated": 1531929471
  },
  {
    "id": "7c5eaa12-055f-4803-a243-489b07132eea",
    "data": [
      {
        "text": "quali attività pericolose",
        "userDefined": false
      }
    ],
    "isTemplate": false,
    "count": 0,
    "updated": 1531929471
  },
  {
    "id": "6ef9a546-d716-4898-aa02-eee94e5cf7fd",
    "data": [
      {
        "text": " attività pericolose",
        "userDefined": false
      }
    ],
    "isTemplate": false,
    "count": 0,
    "updated": 1531929471
  }
]