[
  {
    "id": "5ce3c9d4-3b7c-449f-bbf4-0228f6da91cb",
    "data": [
      {
        "text": "info dispositivi",
        "userDefined": false
      }
    ],
    "isTemplate": false,
    "count": 0,
    "updated": 1528705304
  },
  {
    "id": "18c734c6-961f-4ff9-81ea-be31e07b6b2b",
    "data": [
      {
        "text": "cosa mi dici sui dispositivi",
        "userDefined": false
      }
    ],
    "isTemplate": false,
    "count": 0,
    "updated": 1528705304
  },
  {
    "id": "fab64898-bf76-45ba-b574-f739ac97bb25",
    "data": [
      {
        "text": "informazioni sui dispositivi",
        "userDefined": false
      }
    ],
    "isTemplate": false,
    "count": 0,
    "updated": 1528705304
  },
  {
    "id": "ea39348a-d402-4ee1-bfee-bb5b6557ded0",
    "data": [
      {
        "text": "dispositivi connessi",
        "userDefined": false
      }
    ],
    "isTemplate": false,
    "count": 0,
    "updated": 1528705304
  },
  {
    "id": "83a17808-84a4-4c89-9110-cc7999a2d8cd",
    "data": [
      {
        "text": "dispositivi collegati",
        "userDefined": false
      }
    ],
    "isTemplate": false,
    "count": 0,
    "updated": 1528705304
  }
]