[
  {
    "id": "6d72719a-3ce9-49a7-a79a-e8367e2773cc",
    "data": [
      {
        "text": "non credo",
        "userDefined": false
      }
    ],
    "isTemplate": false,
    "count": 0,
    "updated": 1531319819
  },
  {
    "id": "be4307ce-01a3-426d-b2f2-9b8718aa57fb",
    "data": [
      {
        "text": "no grazie",
        "userDefined": false
      }
    ],
    "isTemplate": false,
    "count": 0,
    "updated": 1531319819
  },
  {
    "id": "0d92c4bf-4223-4a83-8baf-add8ac75eab9",
    "data": [
      {
        "text": "non farlo",
        "userDefined": false
      }
    ],
    "isTemplate": false,
    "count": 0,
    "updated": 1531319819
  },
  {
    "id": "5f2870f4-7d11-48d3-9960-88208ffaf558",
    "data": [
      {
        "text": "non proprio",
        "userDefined": false
      }
    ],
    "isTemplate": false,
    "count": 0,
    "updated": 1531319819
  },
  {
    "id": "53a66084-7dd7-4cb1-b3e7-dd8cd0cd4c23",
    "data": [
      {
        "text": "assolutamente no",
        "userDefined": false
      }
    ],
    "isTemplate": false,
    "count": 0,
    "updated": 1531319819
  },
  {
    "id": "42e1463b-195d-4525-ab91-78f1b86d3567",
    "data": [
      {
        "text": "no",
        "userDefined": false
      }
    ],
    "isTemplate": false,
    "count": 1,
    "updated": 1531319819
  },
  {
    "id": "e5aa5bd2-6ec4-4c91-bb0b-94966f44cabc",
    "data": [
      {
        "text": "non voglio",
        "userDefined": false
      }
    ],
    "isTemplate": false,
    "count": 0,
    "updated": 1531319819
  },
  {
    "id": "13278190-87c3-43f2-9a95-480bdcf76fbd",
    "data": [
      {
        "text": "non mi interessa",
        "userDefined": false
      }
    ],
    "isTemplate": false,
    "count": 0,
    "updated": 1531319819
  }
]