[
  {
    "id": "c9f0a7cd-8f3d-4c0f-bc52-eb16c05c27c1",
    "data": [
      {
        "text": "buona idea",
        "userDefined": false
      }
    ],
    "isTemplate": false,
    "count": 0,
    "updated": 1531993051
  },
  {
    "id": "3c24133c-edb3-413f-a906-d1aa48ca4222",
    "data": [
      {
        "text": "proprio così",
        "userDefined": false
      }
    ],
    "isTemplate": false,
    "count": 0,
    "updated": 1531993051
  },
  {
    "id": "58d01a99-8b26-4a2f-aa84-1477549e874d",
    "data": [
      {
        "text": "certo",
        "userDefined": false
      }
    ],
    "isTemplate": false,
    "count": 0,
    "updated": 1531993051
  },
  {
    "id": "bed8f49b-b295-4f0c-868c-4a9609fc5375",
    "data": [
      {
        "text": "certamente",
        "userDefined": false
      }
    ],
    "isTemplate": false,
    "count": 0,
    "updated": 1531993051
  },
  {
    "id": "59114b54-17b2-4fa7-83e4-edb75f2cc2e7",
    "data": [
      {
        "text": "non importa",
        "userDefined": false
      }
    ],
    "isTemplate": false,
    "count": 0,
    "updated": 1531993051
  },
  {
    "id": "b491bbe6-d0dd-40a9-a84a-7f687c9b5f56",
    "data": [
      {
        "text": "d\u0027accordo",
        "userDefined": false
      }
    ],
    "isTemplate": false,
    "count": 0,
    "updated": 1531993051
  },
  {
    "id": "976a8402-ce43-4b08-bd4d-55b9fe4075e3",
    "data": [
      {
        "text": "confermo",
        "userDefined": false
      }
    ],
    "isTemplate": false,
    "count": 0,
    "updated": 1531993051
  },
  {
    "id": "84b04579-c41b-47e5-b3c2-0462c43df60d",
    "data": [
      {
        "text": "sì",
        "userDefined": false
      }
    ],
    "isTemplate": false,
    "count": 0,
    "updated": 1531993051
  },
  {
    "id": "31ec1549-d06c-4152-a2fb-13274570be29",
    "data": [
      {
        "text": "esatto",
        "userDefined": false
      }
    ],
    "isTemplate": false,
    "count": 0,
    "updated": 1531993051
  },
  {
    "id": "a462d760-4ac8-4e52-a88e-1091a4def098",
    "data": [
      {
        "text": "fallo",
        "userDefined": false
      }
    ],
    "isTemplate": false,
    "count": 0,
    "updated": 1531993051
  }
]