[
  {
    "id": "a99126a0-c0b9-44b6-bc53-69e4a2df73cd",
    "data": [
      {
        "text": "cattura pacchetti ",
        "userDefined": false
      },
      {
        "text": "quattro minuti",
        "alias": "duration",
        "meta": "@sys.duration",
        "userDefined": true
      }
    ],
    "isTemplate": false,
    "count": 0,
    "updated": 1531301945
  },
  {
    "id": "16dc880f-a93d-4c23-9565-04e0e0f7dec3",
    "data": [
      {
        "text": "inizia ",
        "userDefined": false
      },
      {
        "text": "una",
        "meta": "@sys.ignore",
        "userDefined": false
      },
      {
        "text": " cattura",
        "userDefined": false
      }
    ],
    "isTemplate": false,
    "count": 0,
    "updated": 1531073304
  },
  {
    "id": "607ecc8b-6af8-419b-aad2-dfe76842cf92",
    "data": [
      {
        "text": "lancia ",
        "userDefined": false
      },
      {
        "text": "una",
        "meta": "@sys.ignore",
        "userDefined": false
      },
      {
        "text": " cattura per ",
        "userDefined": false
      },
      {
        "text": "1 minuto",
        "alias": "duration",
        "meta": "@sys.duration",
        "userDefined": true
      }
    ],
    "isTemplate": false,
    "count": 0,
    "updated": 1531073304
  },
  {
    "id": "74515e63-0d33-47d0-8f40-d8ff8487c3a1",
    "data": [
      {
        "text": "avvia cattura per ",
        "userDefined": false
      },
      {
        "text": "10 secondi",
        "alias": "duration",
        "meta": "@sys.duration",
        "userDefined": true
      }
    ],
    "isTemplate": false,
    "count": 0,
    "updated": 1531073304
  },
  {
    "id": "fbad1128-edd6-49ca-a8ad-74681ddbf6d9",
    "data": [
      {
        "text": "cattura pacchetti per ",
        "userDefined": false
      },
      {
        "text": "due minuti",
        "alias": "duration",
        "meta": "@sys.duration",
        "userDefined": true
      }
    ],
    "isTemplate": false,
    "count": 0,
    "updated": 1531073304
  }
]