[
  {
    "id": "4f44310e-ccfe-4d8b-9c9b-135efa33a3f1",
    "data": [
      {
        "text": "non credo",
        "userDefined": false
      }
    ],
    "isTemplate": false,
    "count": 0,
    "updated": 1497443930
  },
  {
    "id": "f3187d44-653d-4b9c-b9b4-d4dac7c8d6e7",
    "data": [
      {
        "text": "no grazie",
        "userDefined": false
      }
    ],
    "isTemplate": false,
    "count": 0,
    "updated": 1497443930
  },
  {
    "id": "96e332c0-609b-48a8-89bc-403abe3d188a",
    "data": [
      {
        "text": "non farlo",
        "userDefined": false
      }
    ],
    "isTemplate": false,
    "count": 0,
    "updated": 1497443930
  },
  {
    "id": "9443aad8-f216-4297-af94-be708e436078",
    "data": [
      {
        "text": "non proprio",
        "userDefined": false
      }
    ],
    "isTemplate": false,
    "count": 0,
    "updated": 1497443930
  },
  {
    "id": "e94a25aa-55f2-4729-acb3-fabfa769f084",
    "data": [
      {
        "text": "assolutamente no",
        "userDefined": false
      }
    ],
    "isTemplate": false,
    "count": 0,
    "updated": 1497443930
  },
  {
    "id": "615faea1-79b5-4bfc-bc7b-55c6486a4d33",
    "data": [
      {
        "text": "no",
        "userDefined": false
      }
    ],
    "isTemplate": false,
    "count": 1,
    "updated": 1497443930
  },
  {
    "id": "daf820b7-9b28-4dc1-9a00-f63d8acfe969",
    "data": [
      {
        "text": "non voglio",
        "userDefined": false
      }
    ],
    "isTemplate": false,
    "count": 0,
    "updated": 1497443930
  },
  {
    "id": "ba79c269-5f47-449e-bbab-86b86dee7832",
    "data": [
      {
        "text": "non sono d\u0027accordo",
        "userDefined": false
      }
    ],
    "isTemplate": false,
    "count": 0,
    "updated": 1497443930
  },
  {
    "id": "fbd9b5f8-0baa-4a16-a751-41e12e338913",
    "data": [
      {
        "text": "non mi interessa",
        "userDefined": false
      }
    ],
    "isTemplate": false,
    "count": 0,
    "updated": 1497443930
  }
]