[
  {
    "id": "160c1c79-cda3-47da-9cdf-be9868e8168b",
    "data": [
      {
        "text": "Nulla",
        "userDefined": false
      }
    ],
    "isTemplate": false,
    "count": 0,
    "updated": 1531754437
  },
  {
    "id": "b8e56b3e-b9d4-4d7b-ba13-d3800edaca21",
    "data": [
      {
        "text": "Niente",
        "userDefined": false
      }
    ],
    "isTemplate": false,
    "count": 0,
    "updated": 1531754437
  },
  {
    "id": "1121bb2e-7247-45e2-9b24-dfb9aa2e8c23",
    "data": [
      {
        "text": "Arrivederci",
        "userDefined": false
      }
    ],
    "isTemplate": false,
    "count": 0,
    "updated": 1531068164
  },
  {
    "id": "cf3711aa-5aaa-439c-9810-9845eceecc38",
    "data": [
      {
        "text": "Chiuditi",
        "userDefined": false
      }
    ],
    "isTemplate": false,
    "count": 0,
    "updated": 1531068164
  },
  {
    "id": "c5ebc792-54aa-41ba-a59a-2e0b0af1d942",
    "data": [
      {
        "text": "Spegniti",
        "userDefined": false
      }
    ],
    "isTemplate": false,
    "count": 0,
    "updated": 1531068164
  },
  {
    "id": "510d5b8d-13e1-40ec-bc8b-13ac6780eb01",
    "data": [
      {
        "text": "Alla prossima",
        "userDefined": false
      }
    ],
    "isTemplate": false,
    "count": 0,
    "updated": 1531068164
  },
  {
    "id": "e0ccf823-2693-4b97-aba7-fc5614070b15",
    "data": [
      {
        "text": "Addio",
        "userDefined": false
      }
    ],
    "isTemplate": false,
    "count": 0,
    "updated": 1531068164
  }
]