[
  {
    "id": "781f54b7-a76d-4875-8b7a-d668ff851900",
    "data": [
      {
        "text": "buona idea",
        "userDefined": false
      }
    ],
    "isTemplate": false,
    "count": 0,
    "updated": 1497443931
  },
  {
    "id": "2c2bd77a-106f-47d8-8b59-feccd3f61e88",
    "data": [
      {
        "text": "proprio così",
        "userDefined": false
      }
    ],
    "isTemplate": false,
    "count": 0,
    "updated": 1497443931
  },
  {
    "id": "f777e41d-25cb-4a3d-abc2-14fe55949a8a",
    "data": [
      {
        "text": "certo",
        "userDefined": false
      }
    ],
    "isTemplate": false,
    "count": 0,
    "updated": 1497443931
  },
  {
    "id": "2e0be247-01c0-4560-a8c6-944cc2bbb119",
    "data": [
      {
        "text": "certamente",
        "userDefined": false
      }
    ],
    "isTemplate": false,
    "count": 0,
    "updated": 1497443931
  },
  {
    "id": "7312dc85-7aac-4f33-8858-322590d2d24f",
    "data": [
      {
        "text": "non importa",
        "userDefined": false
      }
    ],
    "isTemplate": false,
    "count": 0,
    "updated": 1497443931
  },
  {
    "id": "9bddd603-4e7f-4208-8229-da014cafa0ba",
    "data": [
      {
        "text": "d\u0027accordo",
        "userDefined": false
      }
    ],
    "isTemplate": false,
    "count": 0,
    "updated": 1497443931
  },
  {
    "id": "0a9c0790-663a-4875-afa4-d0272f40128e",
    "data": [
      {
        "text": "confermo",
        "userDefined": false
      }
    ],
    "isTemplate": false,
    "count": 0,
    "updated": 1497443931
  },
  {
    "id": "a9b3d0eb-a9e1-4c95-bfb1-8eba84ee6274",
    "data": [
      {
        "text": "sì",
        "userDefined": false
      }
    ],
    "isTemplate": false,
    "count": 0,
    "updated": 1497443931
  },
  {
    "id": "a0a3c195-b21a-4043-b833-44bba21ba45e",
    "data": [
      {
        "text": "esatto",
        "userDefined": false
      }
    ],
    "isTemplate": false,
    "count": 0,
    "updated": 1497443931
  },
  {
    "id": "ec512f84-6af9-4f7b-b54d-46dff5bf4056",
    "data": [
      {
        "text": "fallo",
        "userDefined": false
      }
    ],
    "isTemplate": false,
    "count": 0,
    "updated": 1497443931
  }
]