[
  {
    "id": "29929268-9ff1-4d5e-b013-35bfa1323ff3",
    "data": [
      {
        "text": "come sta andando la rete",
        "userDefined": false
      }
    ],
    "isTemplate": false,
    "count": 0,
    "updated": 1528184462
  },
  {
    "id": "c1f880b2-65e4-488e-8cb3-798a42a54345",
    "data": [
      {
        "text": "come va la rete",
        "userDefined": false
      }
    ],
    "isTemplate": false,
    "count": 0,
    "updated": 1528184462
  },
  {
    "id": "5cb35117-adfc-42e4-aebc-0e1946515ddf",
    "data": [
      {
        "text": "dammi lo stato della rete",
        "userDefined": false
      }
    ],
    "isTemplate": false,
    "count": 0,
    "updated": 1528184462
  },
  {
    "id": "346d92f9-9f3c-43e5-a624-6da1ac143b9a",
    "data": [
      {
        "text": "dimmi come sta la rete",
        "userDefined": false
      }
    ],
    "isTemplate": false,
    "count": 0,
    "updated": 1528184462
  },
  {
    "id": "7075cf35-859c-4372-aec1-5fe4835a6772",
    "data": [
      {
        "text": "stato della rete",
        "userDefined": false
      }
    ],
    "isTemplate": false,
    "count": 0,
    "updated": 1528184462
  },
  {
    "id": "49d1429c-7cfc-4230-8b50-f1bf7fe42c4e",
    "data": [
      {
        "text": "come sta la rete",
        "userDefined": false
      }
    ],
    "isTemplate": false,
    "count": 0,
    "updated": 1528184462
  }
]