[
  {
    "id": "81ffd61b-fb19-4cb7-a1c8-9c0f1622998c",
    "data": [
      {
        "text": "chi ",
        "userDefined": false
      },
      {
        "text": "sei",
        "meta": "@sys.ignore",
        "userDefined": false
      },
      {
        "text": " tu",
        "userDefined": false
      }
    ],
    "isTemplate": false,
    "count": 0,
    "updated": 1531393588
  },
  {
    "id": "a5bb163a-a6cd-424e-9ae1-9809a54522a1",
    "data": [
      {
        "text": "ntop",
        "userDefined": false
      }
    ],
    "isTemplate": false,
    "count": 0,
    "updated": 1531393588
  },
  {
    "id": "a2fca886-55e7-46b5-9d15-31e2e0c7e099",
    "data": [
      {
        "text": "ntopng",
        "userDefined": false
      }
    ],
    "isTemplate": false,
    "count": 0,
    "updated": 1531393588
  },
  {
    "id": "e85665af-0310-4b73-a717-35da236eacb6",
    "data": [
      {
        "text": "chi è ntop",
        "userDefined": false
      }
    ],
    "isTemplate": false,
    "count": 0,
    "updated": 1531393588
  },
  {
    "id": "90d48479-abfd-4c73-b5a5-6704660199f2",
    "data": [
      {
        "text": "chi ",
        "userDefined": false
      },
      {
        "text": "sei",
        "meta": "@sys.ignore",
        "userDefined": false
      }
    ],
    "isTemplate": false,
    "count": 0,
    "updated": 1531393588
  }
]