[
  {
    "id": "a8a8baaa-18df-4d8b-b5de-867c32aae621",
    "data": [
      {
        "text": "mandamelo su telegram",
        "userDefined": false
      }
    ],
    "isTemplate": false,
    "count": 0,
    "updated": 1531072754
  },
  {
    "id": "29c5343b-20ec-4ba7-bbd8-947cae88ed24",
    "data": [
      {
        "text": "inviami il file su telegram",
        "userDefined": false
      }
    ],
    "isTemplate": false,
    "count": 0,
    "updated": 1531072754
  },
  {
    "id": "0efc314e-1d34-47a7-ab5d-c1c48961cca2",
    "data": [
      {
        "text": "mandami il dump su telegram",
        "userDefined": false
      }
    ],
    "isTemplate": false,
    "count": 0,
    "updated": 1531072754
  },
  {
    "id": "a70dc4df-0f5a-4dc4-b6b5-0503269617b3",
    "data": [
      {
        "text": "inviami la cattura dei pacchetti",
        "userDefined": false
      }
    ],
    "isTemplate": false,
    "count": 0,
    "updated": 1531072754
  },
  {
    "id": "2105b1a8-4e85-4024-8cf3-2764da86569e",
    "data": [
      {
        "text": "invia cattura su telegram",
        "userDefined": false
      }
    ],
    "isTemplate": false,
    "count": 0,
    "updated": 1531072754
  }
]