[
  {
    "id": "4fabf863-f439-42a7-ba91-c49494659f11",
    "data": [
      {
        "text": "fermati",
        "userDefined": false
      }
    ],
    "isTemplate": false,
    "count": 0,
    "updated": 1531317214
  },
  {
    "id": "e6018640-cd11-48b5-9f58-144473bbf527",
    "data": [
      {
        "text": "silenzio",
        "userDefined": false
      }
    ],
    "isTemplate": false,
    "count": 0,
    "updated": 1531068047
  },
  {
    "id": "2434ba93-3c52-43bd-b49c-f8c69b6cec6c",
    "data": [
      {
        "text": "zitto",
        "userDefined": false
      }
    ],
    "isTemplate": false,
    "count": 0,
    "updated": 1531068047
  },
  {
    "id": "60010d2b-048e-4f5a-a180-78c57a0e98c9",
    "data": [
      {
        "text": "fermo",
        "meta": "@sys.ignore",
        "userDefined": false
      }
    ],
    "isTemplate": false,
    "count": 0,
    "updated": 1531068047
  },
  {
    "id": "72737b57-3aaa-4d19-9328-73ab4db985d2",
    "data": [
      {
        "text": "basta",
        "userDefined": false
      }
    ],
    "isTemplate": false,
    "count": 0,
    "updated": 1531068047
  },
  {
    "id": "07c84a28-476d-4fe3-887b-68a0d5650f6d",
    "data": [
      {
        "text": "stop",
        "userDefined": false
      }
    ],
    "isTemplate": false,
    "count": 0,
    "updated": 1531068047
  }
]