[
  {
    "id": "8d37b63b-1678-4dad-8226-9bea011e6257",
    "data": [
      {
        "text": "non credo",
        "userDefined": false
      }
    ],
    "isTemplate": false,
    "count": 0,
    "updated": 1531065786
  },
  {
    "id": "6259ca73-9585-4bec-b5c9-410d729259d2",
    "data": [
      {
        "text": "no grazie",
        "userDefined": false
      }
    ],
    "isTemplate": false,
    "count": 0,
    "updated": 1531065786
  },
  {
    "id": "4a83bb09-f031-40fb-b140-e84724225b46",
    "data": [
      {
        "text": "non farlo",
        "userDefined": false
      }
    ],
    "isTemplate": false,
    "count": 0,
    "updated": 1531065786
  },
  {
    "id": "767dc158-4b0d-4935-90f0-bf4bf540972d",
    "data": [
      {
        "text": "non proprio",
        "userDefined": false
      }
    ],
    "isTemplate": false,
    "count": 0,
    "updated": 1531065786
  },
  {
    "id": "e9b6942c-fd2a-4e47-82b0-4aa6a721af71",
    "data": [
      {
        "text": "assolutamente no",
        "userDefined": false
      }
    ],
    "isTemplate": false,
    "count": 0,
    "updated": 1531065786
  },
  {
    "id": "a9db78ce-a249-434f-b55b-a49951647993",
    "data": [
      {
        "text": "no",
        "userDefined": false
      }
    ],
    "isTemplate": false,
    "count": 1,
    "updated": 1531065786
  },
  {
    "id": "1adebe78-bb3e-4aea-96f8-0dda41df2fb4",
    "data": [
      {
        "text": "non voglio",
        "userDefined": false
      }
    ],
    "isTemplate": false,
    "count": 0,
    "updated": 1531065786
  },
  {
    "id": "0b72a85b-786c-441d-9621-0e32c53dc06c",
    "data": [
      {
        "text": "non sono d\u0027accordo",
        "userDefined": false
      }
    ],
    "isTemplate": false,
    "count": 0,
    "updated": 1531065786
  },
  {
    "id": "3106ae99-ed8e-44ea-bf70-bf2d03853cce",
    "data": [
      {
        "text": "non mi interessa",
        "userDefined": false
      }
    ],
    "isTemplate": false,
    "count": 0,
    "updated": 1531065786
  }
]