[
  {
    "id": "37c8624f-f58d-43ea-93eb-0b3f1937b93e",
    "data": [
      {
        "text": "Attività sospette?",
        "userDefined": false
      }
    ],
    "isTemplate": false,
    "count": 0,
    "updated": 1531065593
  },
  {
    "id": "571863de-1394-41fc-b83c-44c3e4c1f005",
    "data": [
      {
        "text": "le comunicazioni sono sicure?",
        "userDefined": false
      }
    ],
    "isTemplate": false,
    "count": 0,
    "updated": 1531065593
  },
  {
    "id": "931abe08-3e4a-4f91-af48-05af2302fd68",
    "data": [
      {
        "text": "La rete è sicura?",
        "userDefined": false
      }
    ],
    "isTemplate": false,
    "count": 0,
    "updated": 1531065593
  }
]