[
  {
    "id": "aa87ee78-f41a-403f-82b5-63fd8202fc98",
    "data": [
      {
        "text": "parla",
        "userDefined": false
      }
    ],
    "isTemplate": false,
    "count": 0,
    "updated": 1531064101
  },
  {
    "id": "dd2a5eeb-547d-4607-8ccf-989e10cb79b0",
    "data": [
      {
        "text": "dammele",
        "userDefined": false
      }
    ],
    "isTemplate": false,
    "count": 0,
    "updated": 1531064101
  },
  {
    "id": "b8b06afa-7e94-4a79-b8b2-75f4d0a94ba0",
    "data": [
      {
        "text": "va bene",
        "userDefined": false
      }
    ],
    "isTemplate": false,
    "count": 0,
    "updated": 1531064101
  },
  {
    "id": "447e1764-2b78-4f37-8976-4f30120cc55b",
    "data": [
      {
        "text": "ok",
        "userDefined": false
      }
    ],
    "isTemplate": false,
    "count": 0,
    "updated": 1531064101
  },
  {
    "id": "944e665b-e5f7-46ca-acb1-9085005d189e",
    "data": [
      {
        "text": "sì",
        "userDefined": false
      }
    ],
    "isTemplate": false,
    "count": 0,
    "updated": 1531064101
  }
]