[
  {
    "id": "cd353767-8acd-4299-84cc-5bfe2a780ceb",
    "data": [
      {
        "text": "buona idea",
        "userDefined": false
      }
    ],
    "isTemplate": false,
    "count": 0,
    "updated": 1531067396
  },
  {
    "id": "04dfa6d3-9f20-4837-908e-c67b95d7116b",
    "data": [
      {
        "text": "proprio così",
        "userDefined": false
      }
    ],
    "isTemplate": false,
    "count": 0,
    "updated": 1531067396
  },
  {
    "id": "7f8cd89b-8648-4be0-a4ad-b347cfe19540",
    "data": [
      {
        "text": "certo",
        "userDefined": false
      }
    ],
    "isTemplate": false,
    "count": 0,
    "updated": 1531067396
  },
  {
    "id": "49bca443-5053-429a-b2c9-95ecbe666e9e",
    "data": [
      {
        "text": "certamente",
        "userDefined": false
      }
    ],
    "isTemplate": false,
    "count": 0,
    "updated": 1531067396
  },
  {
    "id": "8dc1252f-2a5a-4be1-aa04-033e0aba0937",
    "data": [
      {
        "text": "non importa",
        "userDefined": false
      }
    ],
    "isTemplate": false,
    "count": 0,
    "updated": 1531067396
  },
  {
    "id": "eddcd390-56a8-4995-82aa-3f61a2f50473",
    "data": [
      {
        "text": "d\u0027accordo",
        "userDefined": false
      }
    ],
    "isTemplate": false,
    "count": 0,
    "updated": 1531067396
  },
  {
    "id": "bb3b1d33-09f6-4318-86fb-1de2bc6b76bb",
    "data": [
      {
        "text": "confermo",
        "userDefined": false
      }
    ],
    "isTemplate": false,
    "count": 0,
    "updated": 1531067396
  },
  {
    "id": "c0b4de9f-e570-429f-a336-dce8c02c53ca",
    "data": [
      {
        "text": "sì",
        "userDefined": false
      }
    ],
    "isTemplate": false,
    "count": 0,
    "updated": 1531067396
  },
  {
    "id": "c45f8af7-014d-41d7-80d2-3d12dd9af3f4",
    "data": [
      {
        "text": "esatto",
        "userDefined": false
      }
    ],
    "isTemplate": false,
    "count": 0,
    "updated": 1531067396
  },
  {
    "id": "e0b94cb5-67eb-4de9-84d5-c5a5178e144e",
    "data": [
      {
        "text": "fallo",
        "userDefined": false
      }
    ],
    "isTemplate": false,
    "count": 0,
    "updated": 1531067396
  }
]