[
  {
    "id": "578919b5-2f80-4db5-b864-b12b620342b3",
    "data": [
      {
        "text": "informazioni sul traffico generato dalle applicazioni",
        "userDefined": false
      }
    ],
    "isTemplate": false,
    "count": 0,
    "updated": 1531067420
  },
  {
    "id": "aacf8725-d779-4487-86d6-ed5dba7d5ba7",
    "data": [
      {
        "text": "quali applicazioni usano la mia rete?",
        "userDefined": false
      }
    ],
    "isTemplate": false,
    "count": 0,
    "updated": 1531065919
  },
  {
    "id": "f6e7ff35-a086-4df2-96a2-165c55887329",
    "data": [
      {
        "text": "traffico applicativo",
        "userDefined": false
      }
    ],
    "isTemplate": false,
    "count": 0,
    "updated": 1528902876
  },
  {
    "id": "497d8b37-5dee-41a1-a317-f461c95534b4",
    "data": [
      {
        "text": "livello applicativo",
        "userDefined": false
      }
    ],
    "isTemplate": false,
    "count": 0,
    "updated": 1528902876
  },
  {
    "id": "17006f24-2185-4519-877d-779ab61e3aec",
    "data": [
      {
        "text": "protocolli applicativi",
        "userDefined": false
      }
    ],
    "isTemplate": false,
    "count": 0,
    "updated": 1528902876
  },
  {
    "id": "0cdd3c60-3219-49f8-9f96-2b9550906c2c",
    "data": [
      {
        "text": " sulle applicazioni",
        "userDefined": false
      }
    ],
    "isTemplate": false,
    "count": 0,
    "updated": 1528902876
  },
  {
    "id": "bedaeefa-7330-4f03-a2a9-70a13384abc4",
    "data": [
      {
        "text": "info traffico applicazione",
        "userDefined": false
      }
    ],
    "isTemplate": false,
    "count": 0,
    "updated": 1528902876
  },
  {
    "id": "feef9c9e-caa1-43dc-bc86-f6639cae331c",
    "data": [
      {
        "text": "informazioni traffico livello applicativo",
        "userDefined": false
      }
    ],
    "isTemplate": false,
    "count": 0,
    "updated": 1528902876
  },
  {
    "id": "3f249488-a461-403d-adc4-422031620e5e",
    "data": [
      {
        "text": "traffico applicazioni",
        "userDefined": false
      }
    ],
    "isTemplate": false,
    "count": 0,
    "updated": 1528902876
  },
  {
    "id": "dca6cb06-8491-463f-b797-8fdd4a948273",
    "data": [
      {
        "text": " informazioni sulle applicazioni",
        "userDefined": false
      }
    ],
    "isTemplate": false,
    "count": 0,
    "updated": 1528902876
  }
]