[
  {
    "id": "64c63203-934c-4ae9-9640-7bf69ce460e2",
    "data": [
      {
        "text": "non credo",
        "userDefined": false
      }
    ],
    "isTemplate": false,
    "count": 0,
    "updated": 1531066454
  },
  {
    "id": "8878db91-c33a-4a37-b75e-c965a5f01531",
    "data": [
      {
        "text": "no grazie",
        "userDefined": false
      }
    ],
    "isTemplate": false,
    "count": 0,
    "updated": 1531066454
  },
  {
    "id": "bf6c6d92-01bd-4935-a2c1-9bcfd2b16940",
    "data": [
      {
        "text": "non farlo",
        "userDefined": false
      }
    ],
    "isTemplate": false,
    "count": 0,
    "updated": 1531066454
  },
  {
    "id": "a186e005-c0c8-431f-b74f-bbdceb63978f",
    "data": [
      {
        "text": "non proprio",
        "userDefined": false
      }
    ],
    "isTemplate": false,
    "count": 0,
    "updated": 1531066454
  },
  {
    "id": "cf736260-0bea-48c4-a1a1-b3ee89a04292",
    "data": [
      {
        "text": "assolutamente no",
        "userDefined": false
      }
    ],
    "isTemplate": false,
    "count": 0,
    "updated": 1531066454
  },
  {
    "id": "09d6955a-d143-4dc6-baf5-a6276241c9f6",
    "data": [
      {
        "text": "no",
        "userDefined": false
      }
    ],
    "isTemplate": false,
    "count": 1,
    "updated": 1531066454
  },
  {
    "id": "acad40df-24dd-4129-a6ed-029a47a5dadc",
    "data": [
      {
        "text": "non voglio",
        "userDefined": false
      }
    ],
    "isTemplate": false,
    "count": 0,
    "updated": 1531066454
  },
  {
    "id": "8c33587a-d35f-442e-b69f-b767bcc92c50",
    "data": [
      {
        "text": "non sono d\u0027accordo",
        "userDefined": false
      }
    ],
    "isTemplate": false,
    "count": 0,
    "updated": 1531066454
  },
  {
    "id": "ee290e4e-820d-4071-b8f1-6f7eeb00be4a",
    "data": [
      {
        "text": "non mi interessa",
        "userDefined": false
      }
    ],
    "isTemplate": false,
    "count": 0,
    "updated": 1531066454
  }
]