[
  {
    "id": "4ac52bab-a434-4fd3-a86b-3681f4b3b434",
    "data": [
      {
        "text": "da quanto tempo in esecuzione",
        "userDefined": false
      }
    ],
    "isTemplate": false,
    "count": 0,
    "updated": 1528559700
  },
  {
    "id": "11203470-a701-4a2a-becd-307681719ae3",
    "data": [
      {
        "text": "tempo in esecuzione",
        "userDefined": false
      }
    ],
    "isTemplate": false,
    "count": 0,
    "updated": 1528559700
  },
  {
    "id": "d1288cce-1f3d-42f7-94e2-517f25d492ac",
    "data": [
      {
        "text": "tempo avvio",
        "userDefined": false
      }
    ],
    "isTemplate": false,
    "count": 0,
    "updated": 1528559700
  },
  {
    "id": "db02c1d7-a34e-47f5-a2c2-eb5cd6d7f223",
    "data": [
      {
        "text": "da quanto ",
        "userDefined": false
      },
      {
        "text": "sei",
        "meta": "@sys.ignore",
        "userDefined": false
      },
      {
        "text": " acceso",
        "userDefined": false
      }
    ],
    "isTemplate": false,
    "count": 0,
    "updated": 1528559700
  },
  {
    "id": "d1de47ab-8555-4f06-a171-c36e9fd5efb0",
    "data": [
      {
        "text": "tempo trascorso dall\u0027avvio",
        "userDefined": false
      }
    ],
    "isTemplate": false,
    "count": 0,
    "updated": 1528559700
  },
  {
    "id": "2d1b4fe2-0306-4733-9ea3-c981a170487e",
    "data": [
      {
        "text": "tempo dall\u0027avvio",
        "userDefined": false
      }
    ],
    "isTemplate": false,
    "count": 0,
    "updated": 1528559700
  },
  {
    "id": "558e48df-6049-4694-b555-55ec02812a48",
    "data": [
      {
        "text": "da quanto è acceso ntopng",
        "userDefined": false
      }
    ],
    "isTemplate": false,
    "count": 0,
    "updated": 1528559700
  }
]