[
  {
    "id": "bfc4d92b-71af-4a6e-a829-14f4bca5888b",
    "data": [
      {
        "text": "tue funzionalità",
        "userDefined": false
      }
    ],
    "isTemplate": false,
    "count": 0,
    "updated": 1531819284
  },
  {
    "id": "e45ad3e8-c475-464a-b727-a25a93a78e57",
    "data": [
      {
        "text": "cosa posso chiedere",
        "userDefined": false
      }
    ],
    "isTemplate": false,
    "count": 0,
    "updated": 1531819284
  },
  {
    "id": "aaf96a1d-60fe-4227-a218-75e4e09ba30d",
    "data": [
      {
        "text": "cosa posso fare",
        "userDefined": false
      }
    ],
    "isTemplate": false,
    "count": 0,
    "updated": 1531819284
  },
  {
    "id": "990d0729-c728-4037-95ea-8b0731b065ad",
    "data": [
      {
        "text": "cosa puoi fare",
        "userDefined": false
      }
    ],
    "isTemplate": false,
    "count": 0,
    "updated": 1531819284
  },
  {
    "id": "8249f6c5-5f92-40c6-9091-473a79121622",
    "data": [
      {
        "text": "cosa sai fare",
        "userDefined": false
      }
    ],
    "isTemplate": false,
    "count": 0,
    "updated": 1531819284
  }
]